drop table IF EXISTS chat;
drop table IF EXISTS question_res;
drop table IF EXISTS question_choice;
drop table IF EXISTS question;
drop table IF EXISTS schedule;
drop table IF EXISTS schedule_category;
drop table IF EXISTS achievement;
drop table IF EXISTS achievement_state;
drop table IF EXISTS avatar;
drop table IF EXISTS login_log;
drop table IF EXISTS account;
drop table IF EXISTS spend_category;
drop table IF EXISTS chat;
drop table IF EXISTS user;

create table user
(
    user_id       INT AUTO_INCREMENT PRIMARY KEY,
    user_email    VARCHAR(50) NOT NULL,
    user_gender   CHAR(1)     NOT NULL,
    user_password BINARY(60) NOT NULL,
    user_nickname VARCHAR(11) NOT NULL,
    is_deleted    CHAR(1)     NOT NULL,
    created_at    DATETIME    NOT NULL
);

create table schedule_category
(
    schedule_category_id   TINYINT AUTO_INCREMENT PRIMARY KEY,
    schedule_category_name VARCHAR(20) NOT NULL
);

create table schedule
(
    schedule_id             INT AUTO_INCREMENT PRIMARY KEY,
    user_id                 INT          NOT NULL,
    schedule_category_id    TINYINT      NOT NULL,
    schedule_start_datetime DATETIME     NOT NULL,
    schedule_end_datetime   DATETIME     NOT NULL,
    schedule_title          VARCHAR(200) NOT NULL,
    schedule_description    VARCHAR(200),
    schedule_where          VARCHAR(200),
    FOREIGN KEY (user_id) REFERENCES user (user_id),
    FOREIGN KEY (schedule_category_id) REFERENCES schedule_category (schedule_category_id)
);

create table spend_category
(
    spend_category_id   TINYINT AUTO_INCREMENT PRIMARY KEY,
    spend_category_name VARCHAR(20) NOT NULL
);

create table account
(
    account_id          INT AUTO_INCREMENT PRIMARY KEY,
    user_id             INT          NOT NULL,
    spend_category_id   TINYINT NULL,
    account_type        CHAR(1)      NOT NULL,
    account_money       BIGINT       NOT NULL,
    account_title       VARCHAR(200) NOT NULL,
    account_description VARCHAR(200),
    account_datetime    DATETIME     NOT NULL,
    created_at          DATETIME     NOT NULL,
    FOREIGN KEY (user_id) REFERENCES user (user_id),
    FOREIGN KEY (spend_category_id) REFERENCES spend_category (spend_category_id)
);

create table achievement
(
    achievement_id              INT AUTO_INCREMENT PRIMARY KEY,
    achievement_required_amount INT          NOT NULL,
    achievement_title           VARCHAR(80)  NOT NULL,
    achievement_description     VARCHAR(200) NOT NULL
);

create table achievement_state
(
    achievement_state_id INT AUTO_INCREMENT PRIMARY KEY,
    user_id              INT  NOT NULL,
    achievement_id       INT  NOT NULL,
    achievement_count    INT  NOT NULL,
    achieved_date        DATETIME,
    is_achieved          BOOL NOT NULL
);

create table login_log
(
    login_log_id   INT AUTO_INCREMENT PRIMARY KEY,
    user_id        INT      NOT NULL,
    login_datetime DATETIME NOT NULL,
    FOREIGN KEY (user_id) REFERENCES user (user_id)
);

create table avatar
(
    avatar_id           INT         NOT NULL AUTO_INCREMENT PRIMARY KEY,
    user_id             INT         NOT NULL,
    avatar_name         VARCHAR(40) NOT NULL,
    avatar_birthday     DATETIME    NOT NULL,
    avatar_personality  VARCHAR(100),
    avatar_assistant_id VARCHAR(60),
    avatar_thread_id    VARCHAR(60),
    avatar_voice_id     VARCHAR(60),
    is_deleted          BOOL        NOT NULL default FALSE,
    avatar_model        VARCHAR(7)  NOT NULL,
    avatar_residence    VARCHAR(40),
    avatar_job          VARCHAR(40),
    is_main             BOOL,
    FOREIGN KEY (user_id) REFERENCES user (user_id)
);

create table question
(
    question_id          SMALLINT AUTO_INCREMENT NOT NULL PRIMARY KEY,
    question_num         TINYINT      NOT NULL,
    question_description VARCHAR(200) NOT NULL,
    question_type        CHAR(1)      NOT NULL
);

create table question_choice
(
    question_choice_id          INT          NOT NULL AUTO_INCREMENT PRIMARY KEY,
    question_id                 SMALLINT     NOT NULL,
    question_choice_number      TINYINT      NOT NULL,
    question_choice_description VARCHAR(200) NOT NULL,
    FOREIGN KEY (question_id) REFERENCES question (question_id)
);

create table question_res
(
    question_res_id    INT      NOT NULL AUTO_INCREMENT PRIMARY KEY,
    question_id        SMALLINT NOT NULL,
    avatar_id          INT      NOT NULL,
    question_choice_id INT,
    subjective_ans     VARCHAR(200),
    question_type      CHAR(1)  NOT NULL
);

create table chat
(
    chat_id          BINARY(16) NOT NULL PRIMARY KEY,
    user_id          INT      NOT NULL,
    avatar_id        INT      NOT NULL,
    chat_category_id INT      NOT NULL,
    created_at       DATETIME NOT NULL,
    chat_content     TEXT     NOT NULL,
    chat_role        CHAR(1)  NOT NULL,
    chat_type        CHAR(1)  NOT NULL,
    sended_at        DATETIME NOT NULL,
    FOREIGN KEY (user_id) REFERENCES user (user_id),
    FOREIGN KEY (avatar_id) REFERENCES avatar (avatar_id)
);

INSERT INTO user(user_id, user_email, user_gender, user_password, user_nickname, is_deleted, created_at)
VALUES (1, 'khj745700@naver.com', 'M', CAST('$2a$10$yTQYJz8F/gkR2sEPQkmrT.6CKZXRI1ZvFUa1BtRuQa7cArWyn77T2' AS BINARY),
        '테스트객체', false, '2024-08-02');
--         (3, 'tjs2194@naver.com', 'F', CAST('$2a$10$OIi82DB5rJEISzKngkppzOUCgmpuJ4rVTilClSYg9lFBSsQwe74mS' AS BINARY),
--          '미래의토스인', false, '2024-08-02');


INSERT INTO spend_category (spend_category_name)
VALUES ('미정'),
       ('여행'),
       ('음식'),
       ('문화'),
       ('의료'),
       ('유흥'),
       ('미용'),
       ('교통'),
       ('생활'),
       ('교육'),
       ('통신'),
       ('경조사'),
       ('OTT'),
       ('주거'),
       ('기타');

INSERT INTO schedule_category (schedule_category_name)
VALUES ('미정'),
       ('여행'),
       ('외식'),
       ('업무'),
       ('약속'),
       ('시험'),
       ('기타');

INSERT INTO achievement(achievement_required_amount, achievement_title, achievement_description)
VALUES (5, "연속 출석 5회", "연속 출석 5회 해줘!!"),
       (1, "아바타 생성", "아바타 생성해줘!!"),
       (10, "가계 등록 10회", "가계 등록 10회 해줘!!"),
       (10, "일정 등록 10회", "일정 등록 10회 해줘!!"),
       (1, "[이스터 에그] 아바타 클릭", "아바타를 10번을 클릭해줘!!"),
       (1, "[이스터 에그] 아바타 흔들기", "아바타를 20번 이상 움직여줘!!"),
       (1, "[이스터 에그] 채팅", "채팅에 바보라고 입력해줘!!");

INSERT INTO achievement_state (user_id, achievement_id, achievement_count, achieved_date, is_achieved)
VALUES (1, 1, 5, now(), 1),
       (1, 2, 1, now(), 1),
       (1, 3, 10, now(), 1),
       (1, 4, 10, now(), 1),
       (1, 5, 0, null, 0),
       (1, 6, 0, null, 0),
       (1, 7, 1, now(), 1);

INSERT INTO login_log(user_id, login_datetime)
VALUES (1, DATE_SUB(now(), INTERVAL 1 DAY));

INSERT INTO question(question_id, question_num, question_description, question_type)
VALUES (1, 1, '좋아하는 영화는', 'c');
INSERT INTO question_choice(question_choice_id, question_id, question_choice_number, question_choice_description)
VALUES (1, 1, 1, '코미디'),
       (2, 1, 2, '액션'),
       (3, 1, 3, '공포'),
       (4, 1, 4, '멜로');

INSERT INTO question(question_id, question_num, question_description, question_type)
VALUES (2, 2, '좋아하는 음악은', 'c');
INSERT INTO question_choice(question_choice_id, question_id, question_choice_number, question_choice_description)
VALUES (5, 2, 1, '클래식'),
       (6, 2, 2, '재즈'),
       (7, 2, 3, '발라드'),
       (8, 2, 4, '힙합'),
       (9, 2, 5, 'R&B');

INSERT INTO question(question_id, question_num, question_description, question_type)
VALUES (3, 3, '좋아하는 여행지는', 'c');
INSERT INTO question_choice(question_choice_id, question_id, question_choice_number, question_choice_description)
VALUES (10, 3, 1, '바다'),
       (11, 3, 2, '산'),
       (12, 3, 3, '도시'),
       (13, 3, 4, '섬');

-- 네 번째 질문
INSERT INTO question(question_id, question_num, question_description, question_type)
VALUES (4, 4, '인생에서 가장 중요하게 생각하는 것은', 'c');
INSERT INTO question_choice(question_choice_id, question_id, question_choice_number, question_choice_description)
VALUES (14, 4, 1, '돈'),
       (15, 4, 2, '건강'),
       (16, 4, 3, '가족&친구'),
       (17, 4, 4, '개인의 성장');

-- 다섯 번째 질문
INSERT INTO question(question_id, question_num, question_description, question_type)
VALUES (5, 5, '최근에 시작한 활동이 있나요?', 'c');
INSERT INTO question_choice(question_choice_id, question_id, question_choice_number, question_choice_description)
VALUES (18, 5, 1, '빠르고 역동적인 활동'),
       (19, 5, 2, '탐험과 탐색 활동'),
       (20, 5, 3, '느긋하고 여유로운 활동'),
       (21, 5, 4, '창의적이고 문제 해결 중심의 활동');


INSERT INTO question(question_id, question_num, question_description, question_type)
VALUES (6, 6, 'MBTI는', 'c');

INSERT INTO question_choice(question_choice_id, question_id, question_choice_number, question_choice_description)
VALUES (22, 6, 1, 'ESTJ'),
       (23, 6, 2, 'ESTP'),
       (24, 6, 3, 'ESFJ'),
       (25, 6, 4, 'ESFP'),
       (26, 6, 5, 'ENTJ'),
       (27, 6, 6, 'ENTP'),
       (28, 6, 7, 'ENFJ'),
       (29, 6, 8, 'ENFP'),
       (30, 6, 9, 'ISTJ'),
       (31, 6, 10, 'ISTP'),
       (32, 6, 11, 'ISFJ'),
       (33, 6, 12, 'ISFP'),
       (34, 6, 13, 'INTJ'),
       (35, 6, 14, 'INTP'),
       (36, 6, 15, 'INFJ'),
       (37, 6, 16, 'INFP');


INSERT INTO question(question_id, question_num, question_description, question_type)
VALUES (7, 7, '남들과 다른 독특한 취미는', 's');
INSERT INTO question(question_id, question_num, question_description, question_type)
VALUES (8, 8, '특별한 주말을 보내는 법은', 's');
INSERT INTO question(question_id, question_num, question_description, question_type)
VALUES (9, 9, '스트레스 해소법은', 's');
INSERT INTO question(question_id, question_num, question_description, question_type)
VALUES (10, 10, '인생 좌우명은', 's');
INSERT INTO question(question_id, question_num, question_description, question_type)
VALUES (11, 11, '생활 습관은', 's');
INSERT INTO question(question_id, question_num, question_description, question_type)
VALUES (12, 12, '좋아하는 음식 종류는', 's');

--  INSERT INTO avatar(avatar_id, user_id, avatar_name, avatar_birthday, avatar_assistant_id,
--                     avatar_thread_id, avatar_voice_id, is_deleted, avatar_model, avatar_residence, avatar_job, is_main)
--  VALUES (1, 1, '마인아바타', '2024-08-13', 'asst_jAtDRjIkapEbkv67BnWEePuF', 'thread_jmLURTxxo8rURGEUkQW3M5wx',
--          'cys0s7MI7iCcoGF178aQ', false, 'rabbit', '대구광역시 달서구', '취업준비생', true);
--
--  INSERT INTO question_res(question_res_id, question_id, avatar_id, question_choice_id, subjective_ans, question_type)
--  VALUES (1, 1, 1, 3, null, 'c'),
--         (2, 2, 1, 7, null, 'c'),
--         (3, 3, 1, 13, null, 'c'),
--         (4, 4, 1, 15, null, 'c'),
--         (5, 5, 1, 20, null, 'c'),
--         (6, 6, 1, 30, null, 'c'),
--         (7, 7, 1, null, '핫딜 찾기', 's'),
--         (8, 8, 1, null, '술 마시기', 's'),
--         (9, 9, 1, null, '누워있기', 's'),
--         (10, 10, 1, null, '열심히 살자', 's'),
--         (11, 11, 1, null, '늦게 자기', 's'),
--         (12, 12, 1, null, '중식', 's');


-- 7월 데이터 (20개)
INSERT INTO account (user_id, spend_category_id, account_type, account_money, account_title, account_description,
                     account_datetime, created_at)
VALUES
    -- 수입 데이터 (account_type = 'I', spend_category_id = NULL)
    (1, NULL, 'I', 500000, '월급', '7월 월급', '2024-07-01 10:00:00', NOW()),
    (1, NULL, 'I', 200000, '프리랜서', '프리랜서 프로젝트', '2024-07-05 14:30:00', NOW()),
    (1, NULL, 'I', 300000, '보너스', '여름 보너스', '2024-07-15 11:00:00', NOW()),
    (1, NULL, 'I', 150000, '용돈', '부모님 용돈', '2024-07-20 09:00:00', NOW()),
    (1, NULL, 'I', 250000, '투자 수익', '주식 투자 수익', '2024-07-25 16:00:00', NOW()),

    -- 지출 데이터 (account_type = 'S', spend_category_id는 1~15 사이의 값)
    (1, 3, 'S', 50000, '저녁 식사', '외식', '2024-07-02 19:00:00', NOW()),
    (1, 2, 'S', 150000, '여행', '주말 여행', '2024-07-03 08:00:00', NOW()),
    (1, 4, 'S', 80000, '영화 관람', '영화 티켓', '2024-07-06 20:00:00', NOW()),
    (1, 7, 'S', 70000, '미용실', '헤어컷', '2024-07-08 13:00:00', NOW()),
    (1, 5, 'S', 100000, '병원', '정기 검진', '2024-07-10 10:00:00', NOW()),
    (1, 6, 'S', 120000, '클럽', '클럽 파티', '2024-07-12 23:00:00', NOW()),
    (1, 8, 'S', 30000, '버스', '버스 교통비', '2024-07-14 07:00:00', NOW()),
    (1, 10, 'S', 60000, '학원', '영어 학원비', '2024-07-17 18:00:00', NOW()),
    (1, 11, 'S', 40000, '휴대폰 요금', '통신비', '2024-07-19 15:00:00', NOW()),
    (1, 12, 'S', 200000, '결혼식', '친구 결혼식 축의금', '2024-07-21 12:00:00', NOW()),
    (1, 13, 'S', 15000, '넷플릭스', 'OTT 구독료', '2024-07-23 22:00:00', NOW()),
    (1, 14, 'S', 800000, '월세', '주거비', '2024-07-25 09:00:00', NOW()),
    (1, 9, 'S', 50000, '마트', '식료품 구입', '2024-07-27 11:00:00', NOW()),
    (1, 15, 'S', 60000, '기타 지출', '기타 잡비', '2024-07-28 14:00:00', NOW()),
    (1, 1, 'S', 70000, '예비비', '미정 예비비', '2024-07-30 13:00:00', NOW());

-- 8월 데이터 (20개)
INSERT INTO account (user_id, spend_category_id, account_type, account_money, account_title, account_description,
                     account_datetime, created_at)
VALUES
    -- 수입 데이터 (account_type = 'I', spend_category_id = NULL)
    (1, NULL, 'I', 500000, '월급', '8월 월급', '2024-08-01 10:00:00', NOW()),
    (1, NULL, 'I', 200000, '프리랜서', '프리랜서 프로젝트', '2024-08-05 14:30:00', NOW()),
    (1, NULL, 'I', 300000, '보너스', '여름 보너스', '2024-08-15 11:00:00', NOW()),
    (1, NULL, 'I', 150000, '용돈', '부모님 용돈', '2024-08-20 09:00:00', NOW()),
    (1, NULL, 'I', 250000, '투자 수익', '주식 투자 수익', '2024-08-25 16:00:00', NOW()),
    -- 지출 데이터 (account_type = 'S', spend_category_id는 1~15 사이의 값)
    (1, 3, 'S', 50000, '저녁 식사', '외식', '2024-08-02 19:00:00', NOW()),
    (1, 2, 'S', 150000, '여행', '주말 여행', '2024-08-03 08:00:00', NOW()),
    (1, 4, 'S', 80000, '영화 관람', '영화 티켓', '2024-08-06 20:00:00', NOW()),
    (1, 7, 'S', 70000, '미용실', '헤어컷', '2024-08-08 13:00:00', NOW()),
    (1, 5, 'S', 100000, '병원', '정기 검진', '2024-08-10 10:00:00', NOW()),
    (1, 6, 'S', 120000, '클럽', '클럽 파티', '2024-08-12 23:00:00', NOW()),
    (1, 8, 'S', 30000, '버스', '버스 교통비', '2024-08-14 07:00:00', NOW()),
    (1, 10, 'S', 60000, '학원', '영어 학원비', '2024-08-17 18:00:00', NOW()),
    (1, 11, 'S', 40000, '휴대폰 요금', '통신비', '2024-08-19 15:00:00', NOW()),
    (1, 12, 'S', 200000, '결혼식', '친구 결혼식 축의금', '2024-08-21 12:00:00', NOW()),
    (1, 13, 'S', 15000, '넷플릭스', 'OTT 구독료', '2024-08-23 22:00:00', NOW()),
    (1, 14, 'S', 800000, '월세', '주거비', '2024-08-25 09:00:00', NOW()),
    (1, 9, 'S', 50000, '마트', '식료품 구입', '2024-08-27 11:00:00', NOW()),
    (1, 15, 'S', 60000, '기타 지출', '기타 잡비', '2024-08-28 14:00:00', NOW()),
    (1, 1, 'S', 70000, '예비비', '미정 예비비', '2024-08-30 13:00:00', NOW());

--  -- 7월 데이터 (20개)
-- INSERT INTO schedule (user_id, schedule_category_id, schedule_start_datetime, schedule_end_datetime, schedule_title,
--                        schedule_description, schedule_where)
-- VALUES (1, 1, '2024-07-01 09:00:00', '2024-07-01 10:00:00', '미정 일정', '아직 정해지지 않은 일정', '미정 장소'),
--         (1, 2, '2024-07-03 07:00:00', '2024-07-05 19:00:00', '여행', '여름 휴가 여행', '제주도'),
--         (1, 3, '2024-07-06 12:00:00', '2024-07-06 14:00:00', '점심 외식', '동료들과 점심 식사', '한식당'),
--         (1, 4, '2024-07-07 09:00:00', '2024-07-07 18:00:00', '업무 회의', '주간 업무 회의', '회의실'),
--         (1, 5, '2024-07-08 18:00:00', '2024-07-08 20:00:00', '친구 약속', '친구와 저녁 식사', '이탈리안 레스토랑'),
--         (1, 6, '2024-07-10 14:00:00', '2024-07-10 16:00:00', '중간고사', '여름학기 중간고사', '대학 캠퍼스'),
--         (1, 7, '2024-07-11 10:00:00', '2024-07-11 12:00:00', '기타 일정', '개인 시간', '공원'),
--         (1, 1, '2024-07-12 08:00:00', '2024-07-12 09:00:00', '미정 일정', '아직 정해지지 않은 일정', '미정 장소'),
--         (1, 2, '2024-07-13 07:00:00', '2024-07-15 19:00:00', '여행', '가족과 주말 여행', '강릉'),
--         (1, 3, '2024-07-16 12:00:00', '2024-07-16 14:00:00', '점심 외식', '가족들과 점심 식사', '중식당'),
--         (1, 4, '2024-07-17 09:00:00', '2024-07-17 18:00:00', '업무 보고서 작성', '월간 보고서 작성', '사무실'),
--         (1, 5, '2024-07-18 18:00:00', '2024-07-18 20:00:00', '동창회 약속', '고등학교 동창회', '한식당'),
--         (1, 6, '2024-07-19 14:00:00', '2024-07-19 16:00:00', '기말고사', '여름학기 기말고사', '대학 캠퍼스'),
--         (1, 7, '2024-07-20 10:00:00', '2024-07-20 12:00:00', '기타 일정', '쇼핑', '쇼핑몰'),
--         (1, 1, '2024-07-21 08:00:00', '2024-07-21 09:00:00', '미정 일정', '아직 정해지지 않은 일정', '미정 장소'),
--         (1, 2, '2024-07-22 07:00:00', '2024-07-24 19:00:00', '여행', '친구와 주말 여행', '부산'),
--         (1, 3, '2024-07-25 12:00:00', '2024-07-25 14:00:00', '점심 외식', '회사 동료들과 점심 식사', '일식당'),
--         (1, 4, '2024-07-26 09:00:00', '2024-07-26 18:00:00', '프로젝트 회의', '새 프로젝트 논의', '회의실'),
--         (1, 5, '2024-07-27 18:00:00', '2024-07-27 20:00:00', '저녁 약속', '지인과 저녁 식사', '한식당'),
--         (1, 6, '2024-07-28 14:00:00', '2024-07-28 16:00:00', '시험', '자격증 시험', '시험장');
--
-- -- 8월 데이터 (20개)
-- INSERT INTO schedule (user_id, schedule_category_id, schedule_start_datetime, schedule_end_datetime, schedule_title,
--                        schedule_description, schedule_where)
-- VALUES (1, 1, '2024-08-01 09:00:00', '2024-08-01 10:00:00', '미정 일정', '아직 정해지지 않은 일정', '미정 장소'),
--         (1, 2, '2024-08-03 07:00:00', '2024-08-05 19:00:00', '여행', '여름 휴가 여행', '제주도'),
--         (1, 3, '2024-08-06 12:00:00', '2024-08-06 14:00:00', '점심 외식', '동료들과 점심 식사', '한식당'),
--         (1, 4, '2024-08-07 09:00:00', '2024-08-07 18:00:00', '업무 회의', '주간 업무 회의', '회의실'),
--         (1, 5, '2024-08-08 18:00:00', '2024-08-08 20:00:00', '친구 약속', '친구와 저녁 식사', '이탈리안 레스토랑'),
--         (1, 6, '2024-08-10 14:00:00', '2024-08-10 16:00:00', '중간고사', '여름학기 중간고사', '대학 캠퍼스'),
--         (1, 7, '2024-08-11 10:00:00', '2024-08-11 12:00:00', '기타 일정', '개인 시간', '공원'),
--         (1, 1, '2024-08-12 08:00:00', '2024-08-12 09:00:00', '미정 일정', '아직 정해지지 않은 일정', '미정 장소'),
--         (1, 2, '2024-08-13 07:00:00', '2024-08-15 19:00:00', '여행', '가족과 주말 여행', '강릉'),
--         (1, 3, '2024-08-16 12:00:00', '2024-08-16 14:00:00', '점심 외식', '가족들과 점심 식사', '중식당'),
--         (1, 4, '2024-08-17 09:00:00', '2024-08-17 18:00:00', '업무 보고서 작성', '월간 보고서 작성', '사무실'),
--         (1, 5, '2024-08-18 18:00:00', '2024-08-18 20:00:00', '동창회 약속', '고등학교 동창회', '한식당'),
--         (1, 6, '2024-08-19 14:00:00', '2024-08-19 16:00:00', '기말고사', '여름학기 기말고사', '대학 캠퍼스'),
--         (1, 7, '2024-08-20 10:00:00', '2024-08-20 12:00:00', '기타 일정', '쇼핑', '쇼핑몰'),
--         (1, 1, '2024-08-21 08:00:00', '2024-08-21 09:00:00', '미정 일정', '아직 정해지지 않은 일정', '미정 장소'),
--         (1, 2, '2024-08-22 07:00:00', '2024-08-24 19:00:00', '여행', '친구와 주말 여행', '부산'),
--         (1, 3, '2024-08-25 12:00:00', '2024-08-25 14:00:00', '점심 외식', '회사 동료들과 점심 식사', '일식당'),
--         (1, 4, '2024-08-26 09:00:00', '2024-08-26 18:00:00', '프로젝트 회의', '새 프로젝트 논의', '회의실'),
--         (1, 5, '2024-08-27 18:00:00', '2024-08-27 20:00:00', '저녁 약속', '지인과 저녁 식사', '한식당'),
--         (1, 6, '2024-08-28 14:00:00', '2024-08-28 16:00:00', '시험', '자격증 시험', '시험장');


-- 2023년 일정 데이터
INSERT INTO schedule (user_id, schedule_category_id, schedule_start_datetime, schedule_end_datetime, schedule_title, schedule_description, schedule_where)
VALUES
(1, 1, '2023-01-05 09:00:00', '2023-01-05 10:00:00', '미정 일정', '추후 결정될 일정입니다.', '서울'),
(1, 2, '2023-02-12 12:00:00', '2023-02-15 15:00:00', '제주도 여행', '가족과 함께 제주도로 여행을 갑니다.', '제주도'),
(1, 3, '2023-03-10 18:00:00', '2023-03-10 20:00:00', '외식 약속', '친구들과 저녁 식사 예정.', '강남역'),
(1, 4, '2023-04-01 09:00:00', '2023-04-01 17:00:00', '회사 회의', '프로젝트 진행 상황 논의.', '회사 회의실'),
(1, 5, '2023-05-20 14:00:00', '2023-05-20 16:00:00', '친구와 약속', '오랜만에 친구와 만남.', '홍대 카페'),
(1, 6, '2023-06-02 10:00:00', '2023-06-02 12:00:00', '자격증 시험', '토익 시험 응시.', '서울 토익센터'),
(1, 7, '2023-07-15 13:00:00', '2023-07-15 14:00:00', '기타 일정', '조용한 독서 시간.', '집'),
(1, 2, '2023-08-07 08:00:00', '2023-08-10 22:00:00', '부산 여행', '친구들과 부산으로 여름휴가.', '부산 해운대'),
(1, 4, '2023-09-05 10:00:00', '2023-09-05 12:00:00', '팀 프로젝트 미팅', '프로젝트 마감 전 최종 회의.', '회사 회의실'),
(1, 3, '2023-10-20 19:00:00', '2023-10-20 21:00:00', '외식과 영화 관람', '영화 보고 저녁 먹기.', '잠실 롯데시네마'),
(1, 5, '2023-11-11 16:00:00', '2023-11-11 18:00:00', '동창 모임', '고등학교 동창 모임.', '종로'),
(1, 6, '2023-12-03 09:00:00', '2023-12-03 11:00:00', '공무원 시험', '공무원 시험 응시.', '서울 공무원 시험장'),
(1, 7, '2023-01-15 14:00:00', '2023-01-15 15:00:00', '기타 일정', '피아노 연습.', '집'),
(1, 2, '2023-02-20 07:00:00', '2023-02-25 23:00:00', '강릉 여행', '혼자 강릉으로 힐링 여행.', '강릉'),
(1, 4, '2023-03-05 10:00:00', '2023-03-05 11:00:00', '사내 교육', '신입 사원 교육 진행.', '회사 대강당'),
(1, 5, '2023-04-18 18:30:00', '2023-04-18 20:00:00', '저녁 약속', '대학교 친구들과 저녁.', '이태원'),
(1, 6, '2023-05-15 09:00:00', '2023-05-15 12:00:00', '컴퓨터 활용능력 시험', '컴퓨터 활용능력 자격증 시험.', '서울 컴퓨터 시험장'),
(1, 7, '2023-06-25 14:00:00', '2023-06-25 16:00:00', '기타 일정', '취미로 그림 그리기.', '집'),
(1, 1, '2023-07-05 09:00:00', '2023-07-05 10:00:00', '미정 일정', '아직 결정되지 않은 일정입니다.', '서울'),
(1, 2, '2023-08-12 08:00:00', '2023-08-15 22:00:00', '대구 여행', '여름 휴가로 대구로 여행.', '대구'),
(1, 4, '2023-09-10 09:00:00', '2023-09-10 17:00:00', '워크숍', '팀 워크숍.', '양평'),
(1, 3, '2023-10-05 18:00:00', '2023-10-05 20:00:00', '저녁 외식', '가족과 함께 저녁 외식.', '강남'),
(1, 5, '2023-11-02 19:00:00', '2023-11-02 21:00:00', '친구와 약속', '대학교 친구들과의 만남.', '서울역'),
(1, 6, '2023-12-07 09:00:00', '2023-12-07 11:00:00', '한자 능력 시험', '한자 능력 시험 응시.', '서울 한자 시험장'),
(1, 7, '2023-01-20 15:00:00', '2023-01-20 17:00:00', '기타 일정', '캠핑 준비.', '집'),
(1, 2, '2023-02-25 09:00:00', '2023-02-28 21:00:00', '속초 여행', '겨울 바다를 보러 속초로 여행.', '속초'),
(1, 4, '2023-03-18 09:00:00', '2023-03-18 17:00:00', '회사 워크숍', '전체 팀 워크숍.', '가평'),
(1, 3, '2023-04-25 18:00:00', '2023-04-25 20:00:00', '저녁 외식', '지인들과 저녁 약속.', '서울'),
(1, 5, '2023-05-22 14:00:00', '2023-05-22 16:00:00', '친구와의 만남', '고등학교 친구와의 만남.', '신촌'),
(1, 6, '2023-06-10 10:00:00', '2023-06-10 12:00:00', 'JLPT 시험', '일본어 능력 시험.', '서울'),
(1, 7, '2023-07-30 13:00:00', '2023-07-30 15:00:00', '기타 일정', '조용한 산책.', '한강 공원'),
(1, 2, '2023-08-20 07:00:00', '2023-08-23 23:00:00', '강원도 여행', '친구들과 강원도 여행.', '강원도'),
(1, 4, '2023-09-25 09:00:00', '2023-09-25 17:00:00', '업무 회의', '프로젝트 관련 업무 회의.', '회사 회의실'),
(1, 3, '2023-10-15 18:00:00', '2023-10-15 20:00:00', '외식 약속', '지인들과 저녁 식사.', '서울'),
(1, 5, '2023-11-10 14:00:00', '2023-11-10 16:00:00', '친구와의 만남', '오랜 친구와 만남.', '홍대'),
(1, 6, '2023-12-20 09:00:00', '2023-12-20 11:00:00', '한국사 능력 시험', '한국사 능력 검정 시험.', '서울'),
(1, 7, '2023-01-10 14:00:00', '2023-01-10 15:00:00', '기타 일정', '독서 및 휴식 시간.', '집');

-- 2024년 일정 데이터
INSERT INTO schedule (user_id, schedule_category_id, schedule_start_datetime, schedule_end_datetime, schedule_title, schedule_description, schedule_where)
VALUES
-- 1월
(1, 4, '2024-01-02 09:00:00', '2024-01-02 12:00:00', '알고리즘 문제 풀이', '알고리즘 문제를 풀고 풀이 방법을 학습합니다.', '학교 강의실'),
(1, 5, '2024-01-03 14:00:00', '2024-01-03 16:00:00', '팀 프로젝트 회의', '팀원들과의 프로젝트 진행 상황을 점검하는 회의입니다.', '온라인 회의'),
(1, 3, '2024-01-04 18:00:00', '2024-01-04 20:00:00', '저녁 외식', '동료들과의 저녁 외식', '강남역 근처 식당'),
(1, 6, '2024-01-05 13:00:00', '2024-01-05 15:00:00', '스터디 그룹', '스터디 그룹 활동 및 코드 리뷰.', '학교 스터디룸'),
(1, 4, '2024-01-08 09:00:00', '2024-01-08 12:00:00', '프로그래밍 강의', '프로그래밍 강의와 실습.', '학교 강의실'),
(1, 7, '2024-01-09 10:00:00', '2024-01-09 11:00:00', '1:1 멘토링', '멘토와 1:1 멘토링 세션.', '멘토 사무실'),
(1, 5, '2024-01-10 15:00:00', '2024-01-10 17:00:00', '팀 프로젝트 진척 점검', '팀 프로젝트의 진척 상황을 점검하고 조정.', '온라인 회의'),
(1, 3, '2024-01-11 19:00:00', '2024-01-11 21:00:00', '모임 및 네트워킹', '졸업생들과의 네트워킹 모임.', '홍대 카페'),
(1, 4, '2024-01-15 09:00:00', '2024-01-15 12:00:00', '디자인 패턴 강의', '디자인 패턴에 대한 강의 및 실습.', '학교 강의실'),
(1, 4, '2024-01-17 14:00:00', '2024-01-17 16:00:00', '팀 프로젝트 리뷰', '팀 프로젝트 결과를 리뷰하고 개선 방안을 논의.', '온라인 회의'),
(1, 6, '2024-01-18 18:00:00', '2024-01-18 20:00:00', '해커톤 준비', '해커톤을 준비하기 위한 팀 미팅.', '학교 스터디룸'),
(1, 3, '2024-01-20 12:00:00', '2024-01-20 13:00:00', '점심 외식', '동료들과의 점심 외식', '종로구 식당'),
(1, 4, '2024-01-22 09:00:00', '2024-01-22 12:00:00', '알고리즘 테스트', '알고리즘 테스트를 통해 학습 내용을 복습.', '학교 강의실'),
(1, 5, '2024-01-24 14:00:00', '2024-01-24 16:00:00', '팀 프로젝트 최종 점검', '팀 프로젝트의 최종 점검 및 발표 준비.', '온라인 회의'),
(1, 7, '2024-01-26 19:00:00', '2024-01-26 21:00:00', '종강 파티', '학기 종료 기념 파티.', '학교 강당'),
-- 2월
(1, 4, '2024-02-01 09:00:00', '2024-02-01 11:00:00', '소프트웨어 개발 동향 세미나', '최신 소프트웨어 개발 동향에 대한 세미나.', '학교 강의실'),
(1, 5, '2024-02-02 13:00:00', '2024-02-02 15:00:00', '팀 프로젝트 아이디어 회의', '팀 프로젝트의 아이디어를 논의하는 회의.', '학교 카페'),
(1, 3, '2024-02-03 18:00:00', '2024-02-03 20:00:00', '동료들과 저녁 외식', '동료들과 함께 저녁을 즐기며 네트워킹.', '이태원 식당'),
(1, 6, '2024-02-04 10:00:00', '2024-02-04 12:00:00', '모의 면접 연습', '모의 면접을 통해 발표 및 면접 기술 연습.', '학교 강의실'),
(1, 4, '2024-02-05 09:00:00', '2024-02-05 12:00:00', '프로그래밍 기초 강의', '프로그래밍 기초에 대한 강의 및 실습.', '학교 강의실'),
(1, 5, '2024-02-06 14:00:00', '2024-02-06 16:00:00', '팀 프로젝트 계획 수립', '팀 프로젝트의 세부 계획을 수립하는 회의.', '온라인 회의'),
(1, 3, '2024-02-07 17:00:00', '2024-02-07 19:00:00', '동료들과의 스터디', '동료들과 함께 스터디 및 기술 공유.', '학교 스터디룸'),
(1, 7, '2024-02-08 19:00:00', '2024-02-08 21:00:00', '자기 개발 세미나', '자기 개발과 관련된 세미나.', '온라인 세미나'),
(1, 6, '2024-02-12 10:00:00', '2024-02-12 12:00:00', '중간 시험', '중간 시험 준비 및 시험 응시.', '학교 강의실'),
(1, 4, '2024-02-13 13:00:00', '2024-02-13 15:00:00', '팀 프로젝트 진척 점검', '팀 프로젝트의 진행 상황을 점검.', '온라인 회의'),
(1, 3, '2024-02-14 18:00:00', '2024-02-14 20:00:00', '외식 모임', '동료들과의 저녁 외식.', '강남 식당'),
(1, 5, '2024-02-15 11:00:00', '2024-02-15 13:00:00', '멘토와의 피드백 세션', '멘토와의 피드백 및 개선 사항 논의.', '멘토 사무실'),
(1, 4, '2024-02-19 09:00:00', '2024-02-19 12:00:00', '고급 알고리즘 강의', '고급 알고리즘 주제에 대한 강의 및 실습.', '학교 강의실'),
(1, 6, '2024-02-20 13:00:00', '2024-02-20 15:00:00', '팀 프로젝트 중간 발표', '팀 프로젝트 중간 결과 발표.', '학교 강의실'),
(1, 7, '2024-02-21 16:00:00', '2024-02-21 18:00:00', '기술 컨퍼런스 참석', '기술 관련 컨퍼런스에 참석.', '컨퍼런스 홀'),
(1, 2, '2024-02-22 10:00:00', '2024-02-22 15:00:00', '팀과 함께하는 문화 탐방', '팀원들과 함께 문화 탐방.', '경주'),
(1, 4, '2024-02-26 09:00:00', '2024-02-26 12:00:00', '최종 프로젝트 점검', '팀 프로젝트의 최종 점검 및 수정.', '학교 스터디룸'),
(1, 5, '2024-02-27 14:00:00', '2024-02-27 16:00:00', '후속 회의', '팀 프로젝트 후속 회의 및 계획 조정.', '온라인 회의'),
(1, 3, '2024-02-28 18:00:00', '2024-02-28 20:00:00', '월말 외식', '한 달을 마무리하며 동료들과 외식.', '홍대 식당'),
-- 3월
(1, 4, '2024-03-01 10:00:00', '2024-03-01 12:00:00', '소프트웨어 엔지니어링 강의', '소프트웨어 엔지니어링의 기초와 실습.', '학교 강의실'),
(1, 6, '2024-03-03 13:00:00', '2024-03-03 15:00:00', '중간 프로젝트 진행 상황 점검', '중간 프로젝트의 진행 상황을 점검하고 조정.', '온라인 회의'),
(1, 3, '2024-03-04 18:00:00', '2024-03-04 20:00:00', '동료들과 저녁 외식', '동료들과의 저녁 외식 및 네트워킹.', '명동 식당'),
(1, 4, '2024-03-06 09:00:00', '2024-03-06 12:00:00', '웹 개발 실습', '웹 개발의 실제 사례를 통한 실습.', '학교 강의실'),
(1, 5, '2024-03-08 15:00:00', '2024-03-08 17:00:00', '팀 프로젝트 회의', '팀 프로젝트의 세부 사항을 논의하는 회의.', '학교 카페'),
(1, 7, '2024-03-09 14:00:00', '2024-03-09 16:00:00', '자기 개발 세미나', '자기 개발과 관련된 최신 트렌드 세미나.', '온라인 세미나'),
(1, 6, '2024-03-11 09:00:00', '2024-03-11 11:00:00', '기초 데이터베이스 강의', '기초 데이터베이스 개념 및 실습.', '학교 강의실'),
(1, 5, '2024-03-13 13:00:00', '2024-03-13 15:00:00', '멘토와의 상담', '멘토와의 상담 및 피드백 세션.', '멘토 사무실'),
(1, 3, '2024-03-14 18:00:00', '2024-03-14 20:00:00', '저녁 외식', '동료들과의 저녁 외식', '신촌 식당'),
(1, 4, '2024-03-18 09:00:00', '2024-03-18 12:00:00', '팀 프로젝트 최종 점검', '팀 프로젝트의 최종 점검 및 발표 준비.', '학교 강의실'),
(1, 2, '2024-03-20 10:00:00', '2024-03-20 15:00:00', '팀과 함께하는 문화 탐방', '팀원들과 함께하는 문화 탐방.', '경기도 광주'),
(1, 5, '2024-03-22 16:00:00', '2024-03-22 18:00:00', '프로젝트 결과 발표', '프로젝트 결과 발표 및 리뷰.', '학교 강의실'),
-- 4월
(1, 4, '2024-04-01 09:00:00', '2024-04-01 11:00:00', '클라우드 컴퓨팅 강의', '클라우드 컴퓨팅의 기초와 활용 방안.', '학교 강의실'),
(1, 7, '2024-04-02 11:00:00', '2024-04-02 12:00:00', '개인 프로젝트 피드백', '개인 프로젝트에 대한 피드백 및 개선 사항 논의.', '학교 카페'),
(1, 3, '2024-04-03 19:00:00', '2024-04-03 21:00:00', '동료들과 저녁 외식', '동료들과의 저녁 외식 및 네트워킹.', '명동 식당'),
(1, 4, '2024-04-05 09:00:00', '2024-04-05 12:00:00', 'AI 기술 워크숍', 'AI 기술의 최신 동향과 실습 워크숍.', '학교 강의실'),
(1, 6, '2024-04-07 14:00:00', '2024-04-07 16:00:00', '중간 프로젝트 점검', '중간 프로젝트의 진행 상황 점검 및 수정.', '온라인 회의'),
(1, 5, '2024-04-09 13:00:00', '2024-04-09 15:00:00', '멘토와의 1:1 상담', '멘토와의 1:1 상담 및 경로 논의.', '멘토 사무실'),
(1, 3, '2024-04-12 17:00:00', '2024-04-12 19:00:00', '저녁 외식 및 네트워킹', '동료들과의 저녁 외식 및 네트워킹 이벤트.', '홍대 식당'),
(1, 4, '2024-04-14 10:00:00', '2024-04-14 12:00:00', '모바일 앱 개발 강의', '모바일 앱 개발의 기초 및 실습.', '학교 강의실'),
(1, 6, '2024-04-15 15:00:00', '2024-04-15 17:00:00', '시험 대비 스터디', '시험 대비를 위한 스터디 그룹.', '학교 스터디룸'),
(1, 7, '2024-04-18 19:00:00', '2024-04-18 21:00:00', '팀 프로젝트 최종 점검', '팀 프로젝트의 최종 점검 및 발표 준비.', '학교 강의실'),
(1, 2, '2024-04-20 10:00:00', '2024-04-20 18:00:00', '팀과 함께하는 야외 활동', '팀원들과 함께하는 야외 활동.', '남양주'),
(1, 5, '2024-04-22 14:00:00', '2024-04-22 16:00:00', '업무 회의', '팀 프로젝트 관련 업무 회의.', '온라인 회의'),
-- 5월
(1, 4, '2024-05-01 09:00:00', '2024-05-01 11:00:00', '빅데이터 분석 강의', '빅데이터 분석 기법과 실습.', '학교 강의실'),
(1, 5, '2024-05-02 13:00:00', '2024-05-02 15:00:00', '팀 프로젝트 계획 회의', '팀 프로젝트의 세부 계획을 논의하는 회의.', '학교 카페'),
(1, 3, '2024-05-07 18:00:00', '2024-05-07 20:00:00', '저녁 외식 및 네트워킹', '동료들과의 저녁 외식 및 네트워킹.', '이태원 식당'),
(1, 4, '2024-05-08 10:00:00', '2024-05-08 12:00:00', '클라우드 플랫폼 실습', '클라우드 플랫폼에 대한 실습 세션.', '학교 강의실'),
(1, 6, '2024-05-13 14:00:00', '2024-05-13 16:00:00', '중간 시험', '중간 시험 및 결과 분석.', '학교 강의실'),
(1, 7, '2024-05-15 15:00:00', '2024-05-15 17:00:00', '커리어 개발 워크숍', '커리어 개발과 관련된 워크숍.', '학교 강의실'),
(1, 4, '2024-05-20 09:00:00', '2024-05-20 11:00:00', '알고리즘 심화 강의', '알고리즘의 심화 내용과 실습.', '학교 강의실'),
(1, 2, '2024-05-24 10:00:00', '2024-05-24 17:00:00', '팀과 함께하는 자연 탐방', '팀원들과 함께 자연 탐방.', '제주도'),
-- 6월
(1, 2, '2024-06-01 09:00:00', '2024-06-01 18:00:00', '여름 방학 여행', '여름 방학을 맞아 제주도로 여행.', '제주도'),
(1, 3, '2024-06-03 12:00:00', '2024-06-03 14:00:00', '동료들과 점심 외식', '동료들과의 점심 외식 및 대화.', '강남 식당'),
(1, 6, '2024-06-07 09:00:00', '2024-06-07 11:00:00', '온라인 코딩 챌린지', '온라인에서 진행되는 코딩 챌린지.', '온라인'),
(1, 5, '2024-06-08 14:00:00', '2024-06-08 16:00:00', '멘토와의 여름 방학 계획 상담', '멘토와 여름 방학 계획에 대해 상담.', '멘토 사무실'),
(1, 2, '2024-06-09 10:00:00', '2024-06-09 17:00:00', 'MTB 자전거 여행', '자전거를 타고 자연을 탐방하는 여행.', '산악 지역'),
(1, 4, '2024-06-12 09:00:00', '2024-06-12 12:00:00', '여름 인턴십 준비 세미나', '여름 인턴십을 위한 준비와 팁.', '학교 강의실'),
(1, 3, '2024-06-14 18:00:00', '2024-06-14 20:00:00', '동료들과의 저녁 외식', '동료들과의 저녁 외식 및 대화.', '이태원 식당'),
(1, 7, '2024-06-15 13:00:00', '2024-06-15 15:00:00', '자기 개발 세미나', '자기 개발과 관련된 세미나.', '온라인 세미나'),
(1, 6, '2024-06-18 10:00:00', '2024-06-18 12:00:00', '방학 중 학습 계획 세우기', '여름 방학 동안 학습 계획 수립.', '학교 스터디룸'),
(1, 5, '2024-06-20 15:00:00', '2024-06-20 17:00:00', '졸업생과의 네트워킹', '졸업생들과의 네트워킹 및 조언.', '학교 카페'),
(1, 2, '2024-06-22 10:00:00', '2024-06-22 18:00:00', '여행 및 캠핑', '자연에서 캠핑과 여행을 즐김.', '강원도'),
(1, 4, '2024-06-25 09:00:00', '2024-06-25 11:00:00', '여름 인턴십 면접', '여름 인턴십을 위한 면접 준비.', '학교 강의실'),
(1, 3, '2024-06-27 19:00:00', '2024-06-27 21:00:00', '여름 방학 마지막 외식', '여름 방학을 마무리하며 외식.', '홍대 식당');

-- 2024년 가계 - 수입
INSERT INTO account (user_id, spend_category_id, account_type, account_money, account_title, account_description, account_datetime, created_at)
VALUES
(1, null, 'I', 1000000, '삼성 SSAFY', '1월 싸월급', '2024-02-15 15:00:00', NOW()),
(1, null, 'I', 1000000, '삼성 SSAFY', '2월 싸월급', '2024-03-15 15:00:00', NOW()),
(1, null, 'I', 1000000, '삼성 SSAFY', '3월 싸월급', '2024-04-15 15:00:00', NOW()),
(1, null, 'I', 1000000, '삼성 SSAFY', '4월 싸월급', '2024-05-16 15:00:00', NOW()),
(1, null, 'I', 1000000, '삼성 SSAFY', '5월 싸월급', '2024-06-17 15:00:00', NOW()),
(1, null, 'I', 1000000, '삼성 SSAFY', '6월 싸월급', '2024-07-15 15:00:00', NOW()),
(1, null, 'I', 1000000, '삼성 SSAFY', '7월 싸월급', '2024-08-16 15:00:00', NOW()),
(1, null, 'I', 1000000, '삼성 SSAFY', '8월 싸월급', '2024-02-15 15:00:00', NOW()),
(1, null, 'I', 316000, '고용노동부', '3월 KDT', '2024-03-06 15:00:00', NOW()),
(1, null, 'I', 316000, '고용노동부', '4월 KDT', '2024-04-03 15:00:00', NOW()),
(1, null, 'I', 316000, '고용노동부', '5월 KDT', '2024-05-16 15:00:00', NOW()),
(1, null, 'I', 316000, '고용구미지청', '6월 KDT', '2024-06-03 15:00:00', NOW()),
(1, null, 'I', 268600, '고용구미지청', '7월 KDT', '2024-07-04 15:00:00', NOW()),
(1, null, 'I', 300200, '고용구미지청', '8월 KDT', '2024-07-30 15:00:00', NOW());

-- 2024년 가계 - 지출
INSERT INTO account (user_id, spend_category_id, account_type, account_money, account_title, account_description, account_datetime, created_at)
VALUES
-- 1월
(1, 2, 'S', 350000, '부산 여행 경비', '부산으로 여행을 떠나기 위한 비용.', '2024-01-02 09:00:00', '2024-01-01 12:00:00'),
(1, 3, 'S', 60000, '동료들과 점심 외식', '동료들과의 점심 외식 비용.', '2024-01-04 12:30:00', '2024-01-04 09:00:00'),
(1, 8, 'S', 25000, '교통비', '버스 및 지하철 교통비.', '2024-01-06 08:00:00', '2024-01-05 11:00:00'),
(1, 4, 'S', 180000, '코딩 부트캠프 참가비', '코딩 부트캠프 참가를 위한 비용.', '2024-01-09 10:00:00', '2024-01-08 14:00:00'),
(1, 5, 'S', 120000, '병원 진료비', '정기적인 병원 진료비.', '2024-01-11 14:00:00', '2024-01-10 16:00:00'),
(1, 10, 'S', 40000, 'IT 관련 서적 구입', 'IT 관련 서적 구입 비용.', '2024-01-12 13:00:00', '2024-01-12 11:00:00'),
(1, 3, 'S', 90000, '저녁 외식', '동료들과의 저녁 외식 비용.', '2024-01-15 19:00:00', '2024-01-15 16:00:00'),
(1, 6, 'S', 25000, '음악 공연 티켓', '음악 공연 티켓 구매 비용.', '2024-01-17 20:00:00', '2024-01-17 18:00:00'),
(1, 9, 'S', 55000, '생활용품 구입', '일상 생활용품 구입 비용.', '2024-01-18 16:00:00', '2024-01-18 14:00:00'),
(1, 7, 'S', 80000, '미용실 방문', '미용실에서의 헤어컷 및 스타일링 비용.', '2024-01-22 15:00:00', '2024-01-22 13:00:00'),
(1, 5, 'S', 70000, '치과 진료비', '정기적인 치과 진료비.', '2024-01-25 11:00:00', '2024-01-24 09:00:00'),
(1, 14, 'S', 15000, 'OTT 구독료', 'OTT 서비스 구독료.', '2024-01-28 10:00:00', '2024-01-27 08:00:00'),
-- 2월
(1, 11, 'S', 15000, '휴대폰 요금', '매달 발생하는 휴대폰 요금.', '2024-02-01 10:00:00', '2024-02-01 08:00:00'),
(1, 13, 'S', 20000, 'OTT 서비스 연장', 'OTT 서비스 구독 연장 비용.', '2024-02-03 10:00:00', '2024-02-02 09:00:00'),
(1, 8, 'S', 35000, '택시 교통비', '택시를 이용한 교통비.', '2024-02-04 15:00:00', '2024-02-04 13:00:00'),
(1, 5, 'S', 85000, '치과 치료비', '치과 치료를 위한 비용.', '2024-02-08 11:00:00', '2024-02-07 10:00:00'),
(1, 9, 'S', 60000, '생활용품 구입', '주방 및 청소 용품 구입.', '2024-02-09 14:00:00', '2024-02-08 12:00:00'),
(1, 12, 'S', 40000, '친구의 결혼식', '친구 결혼식에 대한 축의금.', '2024-02-10 12:00:00', '2024-02-09 10:00:00'),
(1, 4, 'S', 130000, 'IT 컨퍼런스 참가비', 'IT 관련 컨퍼런스 참가비.', '2024-02-13 09:00:00', '2024-02-12 11:00:00'),
(1, 6, 'S', 30000, '영화 관람', '영화 티켓 및 간식 비용.', '2024-02-15 20:00:00', '2024-02-15 18:00:00'),
(1, 7, 'S', 55000, '미용실 방문', '헤어컷 및 스타일링 비용.', '2024-02-20 16:00:00', '2024-02-19 14:00:00'),
(1, 10, 'S', 70000, '온라인 코스 수강료', '온라인 코스 수강을 위한 비용.', '2024-02-25 11:00:00', '2024-02-24 09:00:00'),
-- 3월
(1, 8, 'S', 30000, '버스 교통비', '버스 이용 교통비.', '2024-03-01 08:00:00', '2024-03-01 07:00:00'),
(1, 13, 'S', 25000, 'OTT 서비스 구독료', 'OTT 서비스의 월간 구독료.', '2024-03-02 10:00:00', '2024-03-01 09:00:00'),
(1, 10, 'S', 45000, '기술 서적 구입', 'IT 관련 기술 서적 구입 비용.', '2024-03-03 11:00:00', '2024-03-02 14:00:00'),
(1, 4, 'S', 100000, '해커톤 참가비', '해커톤 행사 참가비.', '2024-03-07 09:00:00', '2024-03-06 11:00:00'),
(1, 3, 'S', 55000, '친구와 저녁 외식', '친구와의 저녁 외식 비용.', '2024-03-08 19:00:00', '2024-03-08 17:00:00'),
(1, 9, 'S', 70000, '생활용품 대량 구입', '가정용 생활용품 대량 구입.', '2024-03-09 14:00:00', '2024-03-08 12:00:00'),
(1, 5, 'S', 120000, '정기 건강검진', '정기 건강검진 비용.', '2024-03-10 13:00:00', '2024-03-09 10:00:00'),
(1, 6, 'S', 30000, '주말 클럽 입장료', '주말 클럽 입장료.', '2024-03-15 22:00:00', '2024-03-14 19:00:00'),
(1, 7, 'S', 60000, '미용실 방문', '헤어컷 및 스타일링 비용.', '2024-03-16 15:00:00', '2024-03-15 13:00:00'),
(1, 11, 'S', 20000, '휴대폰 요금', '휴대폰 요금 납부.', '2024-03-17 10:00:00', '2024-03-16 09:00:00'),
(1, 12, 'S', 35000, '친구 결혼식 축의금', '친구의 결혼식에 대한 축의금.', '2024-03-18 12:00:00', '2024-03-17 11:00:00'),
(1, 2, 'S', 500000, '서울 출장 경비', '서울 출장에 따른 경비.', '2024-03-20 09:00:00', '2024-03-19 08:00:00'),
(1, 10, 'S', 60000, '전문서적 구입', '전문 분야 서적 구입.', '2024-03-21 11:00:00', '2024-03-20 09:00:00'),
(1, 4, 'S', 80000, '기술 세미나 참가비', '기술 세미나 참가비.', '2024-03-22 10:00:00', '2024-03-21 08:00:00'),
(1, 9, 'S', 40000, '가전제품 수리비', '가전제품 수리비.', '2024-03-23 14:00:00', '2024-03-22 12:00:00'),
(1, 13, 'S', 18000, '스트리밍 서비스 결제', '스트리밍 서비스 월 결제.', '2024-03-28 10:00:00', '2024-03-27 09:00:00'),
(1, 8, 'S', 50000, '택시 교통비', '택시를 이용한 교통비.', '2024-03-30 20:00:00', '2024-03-29 18:00:00'),
-- 4월
(1, 14, 'S', 300000, '월세', '4월 월세 납부.', '2024-04-01 09:00:00', '2024-04-01 08:00:00'),
(1, 8, 'S', 25000, '대중교통 월권', '대중교통 월권 구입 비용.', '2024-04-02 08:00:00', '2024-04-01 10:00:00'),
(1, 10, 'S', 50000, '온라인 강의 수강료', '전문 강의 수강을 위한 비용.', '2024-04-03 11:00:00', '2024-04-02 09:00:00'),
(1, 6, 'S', 35000, '친구와의 주말 외식', '친구와의 주말 외식 비용.', '2024-04-08 19:00:00', '2024-04-07 18:00:00'),
(1, 4, 'S', 120000, '기술 컨퍼런스 참가비', '기술 컨퍼런스 참가비.', '2024-04-09 09:00:00', '2024-04-08 10:00:00'),
(1, 9, 'S', 55000, '가전제품 소모품 구입', '가전제품 소모품 구입 비용.', '2024-04-10 14:00:00', '2024-04-09 12:00:00'),
(1, 5, 'S', 70000, '정기 치과 검진', '정기적인 치과 검진 비용.', '2024-04-11 10:00:00', '2024-04-10 09:00:00'),
(1, 3, 'S', 65000, '동료들과의 저녁 외식', '동료들과의 저녁 외식 비용.', '2024-04-14 19:00:00', '2024-04-13 18:00:00'),
(1, 11, 'S', 22000, '휴대폰 요금', '매달 발생하는 휴대폰 요금.', '2024-04-15 10:00:00', '2024-04-14 08:00:00'),
(1, 7, 'S', 45000, '미용실 방문', '헤어컷 및 스타일링 비용.', '2024-04-16 15:00:00', '2024-04-15 14:00:00'),
(1, 13, 'S', 20000, 'OTT 서비스 결제', 'OTT 서비스의 월 결제 비용.', '2024-04-17 12:00:00', '2024-04-16 10:00:00'),
(1, 12, 'S', 40000, '친구의 졸업식 축의금', '친구의 졸업식에 대한 축의금.', '2024-04-21 13:00:00', '2024-04-20 12:00:00'),
(1, 2, 'S', 350000, '부산 여행 경비', '부산으로의 주말 여행 경비.', '2024-04-22 09:00:00', '2024-04-21 08:00:00'),
(1, 10, 'S', 80000, '온라인 코스 수강료', '온라인 코스의 수강료.', '2024-04-24 11:00:00', '2024-04-23 09:00:00'),
(1, 9, 'S', 35000, '가정용 청소용품 구입', '가정용 청소용품 구입 비용.', '2024-04-27 14:00:00', '2024-04-26 12:00:00'),
(1, 6, 'S', 20000, '주말 바베큐 파티', '주말 바베큐 파티 재료비.', '2024-04-30 17:00:00', '2024-04-29 16:00:00'),
-- 5월
(1, 14, 'S', 300000, '월세', '5월 월세 납부.', '2024-05-01 09:00:00', '2024-05-01 08:00:00'),
(1, 8, 'S', 25000, '버스 교통비', '버스를 이용한 교통비.', '2024-05-02 08:00:00', '2024-05-01 10:00:00'),
(1, 13, 'S', 22000, 'OTT 서비스 연장', 'OTT 서비스의 월간 구독료.', '2024-05-03 11:00:00', '2024-05-02 09:00:00'),
(1, 4, 'S', 85000, 'IT 워크숍 참가비', 'IT 관련 워크숍 참가비.', '2024-05-07 10:00:00', '2024-05-06 09:00:00'),
(1, 3, 'S', 70000, '동료와의 외식', '동료들과의 점심 외식 비용.', '2024-05-08 12:00:00', '2024-05-07 11:00:00'),
(1, 9, 'S', 50000, '생활용품 구입', '생활용품 대량 구입 비용.', '2024-05-09 14:00:00', '2024-05-08 13:00:00'),
(1, 6, 'S', 30000, '주말 클럽 입장료', '주말 클럽 입장료.', '2024-05-14 22:00:00', '2024-05-13 20:00:00'),
(1, 7, 'S', 55000, '미용실 방문', '헤어컷 및 스타일링 비용.', '2024-05-16 15:00:00', '2024-05-15 14:00:00'),
-- 6월
(1, 2, 'S', 250000, '제주도 여행', '제주도로의 여름 여행 경비.', '2024-06-01 09:00:00', '2024-06-01 08:00:00'),
(1, 8, 'S', 40000, '공항 교통비', '제주도 여행을 위한 공항까지의 교통비.', '2024-06-02 12:00:00', '2024-06-01 10:00:00'),
(1, 13, 'S', 30000, '여행용 OTT 구독', '여행 중 사용할 OTT 서비스 구독료.', '2024-06-03 11:00:00', '2024-06-02 09:00:00'),
(1, 7, 'S', 60000, '미용실 방문', '헤어컷 및 스타일링 비용.', '2024-06-08 15:00:00', '2024-06-07 14:00:00'),
(1, 9, 'S', 55000, '생활용품 구입', '여름용 생활용품 구입 비용.', '2024-06-09 14:00:00', '2024-06-08 12:00:00'),
(1, 3, 'S', 50000, '외식', '여름 방학 외식 비용.', '2024-06-10 18:00:00', '2024-06-09 17:00:00'),
(1, 4, 'S', 150000, 'IT 관련 세미나 참가비', '여름 방학 동안 참가한 IT 세미나 비용.', '2024-06-12 10:00:00', '2024-06-11 09:00:00'),
(1, 5, 'S', 70000, '정기 건강검진', '정기적인 건강검진 비용.', '2024-06-15 10:00:00', '2024-06-14 09:00:00'),
(1, 12, 'S', 30000, '친구의 졸업식 축의금', '친구의 졸업식에 대한 축의금.', '2024-06-16 13:00:00', '2024-06-15 12:00:00'),
(1, 10, 'S', 60000, '온라인 학습 자료 구입', '여름 방학 동안 사용할 온라인 학습 자료 구입.', '2024-06-17 11:00:00', '2024-06-16 09:00:00'),
(1, 11, 'S', 23000, '휴대폰 요금', '휴대폰 요금 납부.', '2024-06-18 10:00:00', '2024-06-17 09:00:00'),
(1, 6, 'S', 20000, '클럽 입장료', '클럽 방문 시 입장료.', '2024-06-22 22:00:00', '2024-06-21 20:00:00'),
(1, 9, 'S', 45000, '생활용품 대량 구입', '생활용품 대량 구입 비용.', '2024-06-23 14:00:00', '2024-06-22 12:00:00'),
(1, 14, 'S', 300000, '주거비(보증금 일부 납부)', '주거지 보증금 일부 납부.', '2024-06-25 09:00:00', '2024-06-24 08:00:00'),
(1, 15, 'S', 25000, '기타 경비', '기타 다양한 소소한 경비.', '2024-06-28 13:00:00', '2024-06-27 12:00:00');
